"id","name"
"b108a08f-1663-4755-a545-bd07e5c5074e","Joy Reynolds DVM"
"47d8eb7d-fafa-4ef5-9fa9-0bb4dc733f86","Olive Daniel IV"
"32a395a3-e3f5-4d52-9cc9-0ba4ae84b4c7","Mrs. Jeannette O'Conner DVM"
"e7a7e6ee-18b7-4c55-bfc9-433c6d2b4a6c","Shawna Kutch"
"f155fc98-bcbd-4da8-bc83-290f7400341e","Dewey Shields"
"1dece4c3-b63a-45ab-9a3d-2b0a836f1e3f","Tiffany Harber"
"7f4476e2-aa24-4aa0-b642-d254b878e16e","Opal Miller"
"cbfa875b-a39e-4c9f-bda5-3905b3ccd5e9","Eugene Ratke"
"d7aaf22e-d82f-448e-bc09-a6072e788b20","Manuel Casper"
"e9c7a7cd-33d5-4007-a6a4-11e9c208eb76","Kathleen Conroy"
"6acc4092-6253-47e1-85c3-52c92a578550","Mrs. Stewart Wiegand"
"7da604e1-9987-4389-a759-60fd9cb0a78d","Emma Denesik"
"b98509fc-a393-4e43-9bf3-32f506ec7fa0","Mrs. Johanna Lebsack"
"e3b0ebdc-5b96-41fd-922b-9d291620e0c1","Dr. Emma Bode"
"8ec62b73-d69d-43eb-b3c9-3b71aad259de","Patrick Mills"
"a0189ec5-bb35-46ab-9d45-dd245f804413","Herman Nitzsche I"
"3988158d-7309-46c1-bec1-8cb21b50f7b4","Rudy Walker"
"df773e69-3991-446b-8202-365949a1ea4e","Dallas Macejkovic"
"a259bc34-01c8-4452-89a1-66a36a01cc7b","Ernesto Wiza"
"753a58ac-85d3-4221-843c-e66a81ba0f89","Renee Kuhic"